"Filter","All","P1 0.25  ","P1 0.75  "
"All",1,0.753321,0.246679
"PSignal Liab 1 Dam 1",0.2458,0.999837,0.00016276
"PSignal Liab 1 Dam 2",0.2532,1,0
"PSignal Liab 2 Dam 1",0.2544,0.999685,0.000314614
"PSignal Liab 2 Dam 2",0.2466,0,1
