"Filter","All","D1 0.25  ","D1 0.75  "
"All",1,0.761284,0.238716
"DSignal Liab 1 Dam 1",0.2504,0.999521,0.000479386
"DSignal Liab 1 Dam 2",0.2557,1,0
"DSignal Liab 2 Dam 1",0.2553,1,0
"DSignal Liab 2 Dam 2",0.2386,0.000167673,0.999832
